Caterogy ,Brand,Model,Description,Qty's,Price,UPC
ACCESSORIES- MISC,GO PRO,ACHOM-001,Headstrap + quickclip -black,13,$12.00,818279010800
ACCESSORIES- MISC,ORGOO,25845679,2 pack double walled x-mas cup,1214,$2.50,735816319106
ACCESSORIES- MISC,ORGOO,25845682-2PK,2 pack christmas tumbler cup led straw,3727,$2.50,735816016791
ACCESSORIES- MISC,PHILIPS,7820230U7,Light bar hue play 2pk-black,205,$89.00,046677802516
ACCESSORIES- MISC,WEMO,F7C027-RM2,Refurbished smart plug switch,69,$16.00,745883761333
ACCESSORIES- MISC,ANKER,A1367H11-1,POWERBANK 335 20K MAH-BLACK,1200,$20.50,194644133610
APPLIANCES- AIR FRYER,PHILIPS,HD9630/96,Airfryer xxl twin turbostar-black,1308,$109.00,075020072450
APPLIANCES- AIR FRYER,PHILIPS,HD9654/96,Advance collection xxl digital twin turbo star,624,$119.00,075020074812
APPLIANCES- AIR FRYER,PHILIPS,HD9741/99,AIRFRYER PREMIUM DIGITAL-BLACK,680,$135.00,
APPLIANCES- AIR FRYER,PHILIPS,HD9867/16, AIR FRYER PREMIUM DIGITAL 7QT XXL-BLACK,30,$135.00,
APPLIANCES- COFFEE MAKER,HAMILTON BEACH,49930,Coffee maker universal flexbrew,1212,$119.00,040094499304
APPLIANCES- COFFEE MAKER,HAMILTON BEACH,49958,COFFEE MAKER FLEX BREW TRIO-BLACK,34,$69.00,
APPLIANCES- COFFEE MAKER,GENERAL ELECTRIC,G7CDAASSPSS, COFFEE MAKER WITH GLASS CARAFE,110,$29.00,
APPLIANCES- FOOD PROCESSOR,KITCHEN AID,K50013-BLK,"Kitchenaid 9 cup food processor, black matte",38,$74.00,883049581392
APPLIANCES- FOOD PROCESSOR,KITCHENAID,K50013-CSIL,Food processor plus 9-cup w/spatula kfp0920qcu-silver,177,$74.00,883049581361
APPLIANCES- FOOD PROCESSOR,KITCHENAID,K50013-WHT,Food processor plus 9-cup w/spatula kfp0920qwh-white,227,$74.00,883049581354
APPLIANCES- FREEZER,HOMELABS,HME030360N,3.0 Cuft Compact Freezer With Lock,10,$148.00,850000941588
APPLIANCES- FREEZER,HOMELABS,HME030361N,1.1 cuft compact freezer with lock,313,$150.00,850000941601
APPLIANCES- FREEZER,HOMELABS,HME030370N,Mini fridge 25 bottle wine,541,$248.00,827396549551
APPLIANCES- FRIDGE,MIROCO,MI-EF001,3.2 cuft beverage refrigerator,198,$179.00,191280017519
APPLIANCES- JUICER,OMEGA,H3000R,Slow juicer cold press 365-black,217,$75.00,737416099754
APPLIANCES- OVEN,AICOOK,FM9015,Air fryer oven 24qt-black,1264,$75.00,827396547410
APPLIANCES- PORTABLE FRIDGE,ALPICOOL,C20,21qt fridge/freezer portable,66,$139.00,760570192238
APPLIANCES- TOASTER,GENERAL ELECTRIC,G9TMA4SSPSS,4 slice toaster-stainless steel,654,$42.00,084691857624
APPLIANCES- TOASTER,HOLIFE,HLCP112ASUS,2-slice toaster-stainless steel,969,$12.00,850029919353
APPLIANCES- VACUUMS,BISSELL,15434,Vacuum steam mop pet - grey,493,$149.00,011120265392
APPLIANCES- VACUUMS,DYSON,368340-01,V15 detect ,473,$569.00,885609023106
APPLIANCES- VACUUMS,DYSON,421295-01,V11animal purple ,205,$439.00,885609029658
APPLIANCES- VACUUMS,DYSON,448701-01, VACUUM STICK V15 DETECT PRO-PURPLE/SILVER,1100,$569.00,
APPLIANCES- VACUUMS,DYSON,HP01DCBNUS,Fan pure hot+cool air purifier-black/nickel,19,$379.00,885609019758
APPLIANCES- VACUUMS,HOOVER,FH13001,Powerdash go pet+ spot cleaner,1807,$59.00,073502047972
APPLIANCES- VACUUMS,ILIFE,A80MAX,"Max robot vacuum cleaner, 2000pa max suction, wi-fi connected",357,$69.00,6971263070748
APPLIANCES- VACUUMS,ROBOROCK,AED02LRR,Dock auto-empty for robot vacuum-white,152,$149.00,195043000398
APPLIANCES- VACUUMS,SHARK,AV2001WD,Vacuum mop robotic,4,$220.00,622356566186
APPLIANCES- VACUUMS,SHARK,CV101,Vacuum bagless corded canister,307,$99.00,622356582193
APPLIANCES- VACUUMS,SHARK,CZ351,Vacuum corded pet canister-navy/silver,11,$219.00,622356576154
ARCADE -GAMES,ARCADE 1UP,STF-A-01062, Capcom Legacy Edition 4FT Arcade Cabinet - Electronic Games +11 GAMES,500,$298.00,
AUDIO - HEADPHONES,JVC,HA-FX9BTA,Bluetooth Wireless Earbud with Stay-fit Tips BLUE,12373,$2.90,046838076633
AUDIO - HEADPHONES,JVC,HAKD7Y,Kids overhead headset yellow-blue,338,$5.50,046838075667
AUDIO - HEADPHONES,KYGO LIFE,A9/600-WHT,Headphones bluetooth-white,19,$69.00,827396541050
AUDIO - HEADPHONES,LG,HBS-510BK,Headphones wireless hbs-510.acusbki,8453,$29.00,815425022236
AUDIO- GAMING HEADPHONE,HYPE,HY-PCWC-RSE,Earbuds wireless-rose,6,$12.00,888255231253
AUDIO- GAMING HEADPHONE,HYPERX,4P5J9AA,Cloudx stinger core ,2038,$21.95,196188047712
AUDIO- GAMING HEADPHONE,LUCIDSOUND,LS35XRG,Headphones wireless gaming-rose gold,961,$28.00,852888006427
AUDIO- GAMING HEADPHONE,RAZER,RZ04-02890200-R3U1,Headphones wired gaming headset,1356,$28.00,811659032881
AUDIO- GAMING HEADPHONE,STEELSERIES,61481,HEADPHONES WIRELESS OVER-THE-EAR GAMING-BLACK,297,$98.00,810052980010
AUDIO- GAMING HEADPHONE,HYPERX,75X28AA,GAMING HEADSET WIRED CLOUDX STINGER2-WHITE,500,$26.50,197029365972
AUDIO- HEADPHONES,APPLE,MV722LL/A,Headphones powerbeats pro-ivory white,438,$139.00,190199097070
AUDIO- HEADPHONES,APPLE,MXY82LL/A,Headphones powerbeats pro-blue,201,$139.00,190199603394
AUDIO- HEADPHONES,BEATS BY DRE,MJ4X3LL/A,Earbuds beats studio wireless bluetooth-black,153,$109.00,194252388297
AUDIO- HEADPHONES,BEATS BY DRE,MJ4Y3LL/A,Earbuds beats studio wireless bluetooth-white,78,$109.00,194252388396
AUDIO- HEADPHONES,BEATS BY DRE,MYME2LL/A,Earphones beats flex wireless-gray,348,$38.00,190199801721
AUDIO- HEADPHONES,MONSTER CABLE,RBMNFLEX-BLK,Flex active noise canceling earphones,257,$19.00,827396550250
AUDIO- HEADPHONES,SKULLCANDY,S2IVW-N740,Indy evo true wireless earbuds,30416,$21.00,810015586914
AUDIO- HEADPHONES,JBL,JBLLIVEFRNCPTWSBAM,Earbuds wireless In Ear Bluetooth Black ,227,$49.00,50036378369
AUDIO- HEADPHONES,SONY,RBMDR-RF912RKC,Refurbished headphones wireless-black,709,$19.00,752830631878
AUDIO- MUSIC SYSTEM,LG,CK99,Bluetooth stereo system 500w-black,83,$729.00,719192620261
AUDIO- MUSIC SYSTEM,LG,RN5,Xboom audio system bluetooth-dpanllk,79,$209.00,719192641006
AUDIO- MUSIC SYSTEM,SAMSUNG,MX-T50/ZP,Sound system giga audio t-50,45,$179.00,8806090380587
AUDIO- SOUNDBARS,JVC,TH-S560B,Soundbar bluetooth with subwoofer,393,$139.00,046838002137
AUDIO- SOUNDBARS,LG,SP8YA,Soundbar system 3.1.2ch-black,87,$298.00,195174008096
AUDIO- SOUNDBARS,SAMSUNG,HW-Q600A/ZP,Soundbar 3.1.2ch atmos,53,$229.00,8806092054790
AUDIO- SOUNDBARS,YAMAHA,SR-B20ABL,Soundbar compact ,820,$119.00,#N/A
AUDIO- SOUNDBARS,YAMAHA,SR-C20ABL,Soundbar biult-in subwoofer,94,$119.00,#N/A
AUDIO- SPEAKER,DINDIN,A109-01,Speaker bluetooth portable wireless w/lights,915,$19.00,0
AUDIO- SPEAKER,FUGOO,F6ELKS01,Element speaker bluetooth,4184,$49.00,859480007494
AUDIO- SPEAKER,FUGOO,F6SPKG01,Bluetooth sport speaker-black,3246,$29.00,859065004016
AUDIO- SPEAKER,FUGOO,F6TFKS01,Speaker bluetooth tough,2054,$39.00,859065004023
AUDIO- SPEAKER,FUGOO,F6TRKS01,Traveler speaker bluetooth,996,$149.00,859480007517
AUDIO- SPEAKER,FUGOO,RBF4STSN01,Refurbished style-s speaker bluetooth,24,$39.00,859480007579
AUDIO- SPEAKER,FUGOO,RBF6SPKG01,Refurbished speaker bluetooth-black/teal,30,$19.00,859480007586
AUDIO- SPEAKER,FUGOO,RBF6STSS01,Refurbished style speaker bluetooth-silver,40,$25.00,859480007593
AUDIO- SPEAKER,FUGOO,RBF6TFKS01,Refurbished speaker bluetooth,91,$35.00,859480007609
AUDIO- SPEAKER,FUGOO,RBFGOKR02,Refurbished go red speaker bluetooth,20,$25.00,859065004955RB
AUDIO- SPEAKER,FUGOO,RBFXLSTSN01,Refurbished speaker bluetooth,19,$49.00,859480007616
AUDIO- SPEAKER,FUGOO,RBFXLTFKS01,Refurbished speaker bluetooth,62,$59.00,859480007623
AUDIO- SPEAKER,LG,P2,Xboom go bluetooth speaker-2pack,2804,$29.00,195174033999
AUDIO- SPEAKER,LG,PL2,Portable bluetooth speaker-dpanllk,376,$45.00,719192633919
AUDIO- SPEAKER,MONSTER,MNVISIONX-15,"Speaker bluetooth w/15"" screen",18,$239.00,827396548905
AUDIO- SPEAKER,MONSTER,RBMNRKR270-SPORT-C,Refurbished speaker bluetooth 270 sport-black,186,$99.00,827396550311
AUDIO- SPEAKER,MONSTER,RBMNRR270,Refurbished speaker bluetooth,162,$119.00,827396550328
AUDIO- SPEAKER,MONSTER,RBMNRR270-X,Refurbished speaker bluetooth 270 x,99,$129.00,827396550335
AUDIO- SPEAKER,SONY,MHC-V21,V21 high power audio system,104,$169.00,027242908994
AUDIO- SPEAKER,Raycon,RBS953-22E-BLA, Raycon Power BoomBox Speaker,200,$39.00,811162031371
AUDIO- SPEAKER,JBL,JBLPARTYBOXGOBAM,SPEAKER PARTYBOX PORTABLE-BLACK,500,$216.50,50036372596
AUDIO- SPEAKER,JBL,JBLFLIP5REDAM,SPEAKER BLUETOOTH FLIP5-RED,121,$60.50,50036359283
AUDIO- SPEAKER,JBL,JBLFLIP5GRYAM,SPEAKER FLIP 5 PORTABLE WATERPROOF BLUETOOTH-GREY,187,$60.50,50036359290
AUDIO- SPEAKER,JBL,JBLFLIP5TEALAM,SPEAKER FLIP 5 PORTABLE WATERPROOF BLUETOOTH-TEAL,919,$60.50,50036359306
AUDIO- SPEAKER,JBL,JBLFLIP5PINKAM,SPEAKER FLIP 5 PORTABLE WATERPROOF BLUETOOTH-PINK,243,$60.50,50036359344
AUDIO- SPEAKER,JBL,JBLFLIP5SQUADAM,SPEAKER FLIP 5 PORTABLE WATERPROOF BLUETOOTH-CAMO,773,$60.50,50036359498
CAMERA- INSTANT,KODAK,C300GGW,Mini shot combo 3-white,332,$59.00,192143001454
CAMERA- INSTANT,KODAK,C300Y,Mini shot camera -yellow,467,$59.00,192143001461
CAMERA- INSTANT,KODAK,ICRG-330,Cartridge for mini printer-30,407,$14.00,192143001331
CAMERA- INSTANT,KODAK,MP2-W,Pm-220w mini printer 2 hd -wht,1101,$59.00,192143000136
CAMERA- INSTANT,KODAK,MS-210W,Instant camera minishot -white,784,$49.00,192143000167
CAMERA- INSTANT,KODAK,MS-210Y,Instant camera minishot-yellow,912,$49.00,192143000204
CAMERA- INSTANT,KODAK,MSC-30,Mini2 photo cartridge-30pk,547,$14.00,192143000143
CAMERA- INSTANT,KODAK,MSC-50,Mini2 photo cartridge-50pk,297,$22.00,192143000150
CAMERA- INSTANT,KODAK,P210GGY,Instant mini2 plus printer,616,$55.00,192143001447
CAMERA- INSTANT,KODAK,P300GGW,Instant mini3 plus printer,964,$65.00,192143001478
CAMERA- INSTANT,KODAK,P300GGY,Instant mini3 plus printer,905,$65.00,192143001485
CAMERA- INSTANT,CANON,5540C002,Compact Photo Printer White/Wireless,477,$60.50,13803346077
CELL PHONE- UNLOCKED,GOOGLE,GA02998-US,Cellphone pixel 6a 128gb 5g unlocked-charcoal,2053,$298.00,810029934930
CELL PHONE- UNLOCKED,MOTOROLA,PAN00016US,Moto G Stylus Cell Phone with 128GB Memory (Unlocked),9440,$135.00,840023247767
COMPUTER- ACCESSORIES,SAMSUNG,EJ-PF926BBEGUS,Stylus pen galaxy s fold edition-black,5,$29.00,887276588919
COMPUTER- DOCKING,DELL,HD22Q,"Charger dock dual for laptop, smartphone, earbuds",1040,$82.00,884116434467
COMPUTER- LAPTOP,ASUS,FX516PM-211.TF15,"TUF DASH 15.6"" Gaming Laptop Gen i7  16GB NVIDIA geforce RTX 3060  512GB SSD",5,$900.00,195553622646
COMPUTER- LAPTOP,DELL,C734G," Vostro 14 3000 3400 14"" Full HD 1920 x 1080 Intel Core i5 11th Gen i5 1135G7",5,$500.00,884116364610
COMPUTER- LAPTOP,GATEWAY,RWNR71539,"15.6"" Slim Notebook – AMD R7 WINDOWS 11 HOME AMD RYZEN R7 -3700U 1 TB 8.5 HOUR BATTERY LIFE 16GB RAM FULL HDMI OUTPUT",0,$365.00,
COMPUTER- LAPTOP,GATEWAY,GWTC51427-BK," 14.1"" Ultra Slim Notebook, FHD Touchscreen, Intel® Core™ i5-1235U, 8GB/512GB SSD, Fingerprint Scanner, 2MP Camera, HDMI, Windows 11, Black",9,$449.10,812550034967
COMPUTER- LAPTOP,GATEWAY,GWTC71427-BL,"14.1"" Ultra Slim Notebook, FHD Touchscreen, Intel® Core™ i7-1255U, 8GB/512GB SSD, Fingerprint Scanner, 2MP Camera, HDMI, Windows 11, Blue",319,$539.10,812550035018
COMPUTER- LAPTOP,GATEWAY,GWTC71427-RG,"14.1"" Ultra Slim Notebook, FHD Touchscreen, Intel® Core™ i7-1255U, 8GB/512GB SSD, Fingerprint Scanner, 2MP Camera, HDMI, Windows 11, Rose Gold",350,$539.10,812550035025
COMPUTER- LAPTOP,HEWLETT PACKARD,RB14A-NA0020NR,"Refurbished 14"" chromebook n4000 hd-silver",58,$119.00,194721842039RB
COMPUTER- LAPTOP,VAIO,VJS145X0611B,"14” SX Series Notebook, FHD, Intel Core i5-1240P, 16GB RAM, 512GB SSD, Fingerprint Scanner, HD Camera, HDMI, Windows 11 Pro, Fine Black",64,"$1,249.00",814926021137
COMPUTER- LAPTOP,VAIO,VJS145X0711S,"VAIO 14” SX Series Notebook, FHD, Intel Core™ i5-1240P, 16GB Memory, 512GB Silver Fingerprint Sensor, 2MP Camera, HDMI, Windows 11 ",69,"$1,249.00",814926021144
COMPUTER- LAPTOP,VAIO,VWFC71639-SL,"16"" Notebook, Intel Core i7-1355U, 16GB Memory, 1TB Solid State Drive, THX Spatial Audio, Windows 11 Home ",249,$907.00,812550036350
COMPUTER- LAPTOP,VAIO,VWNC51427-BL,"14.1” FE Series Notebook, FHD, Intel Core i5-1235U, Quad Core, 8GB RAM, 512GB SSD, Fingerprint Scanner, THX Spatial Audio, 2MP Camera, Blue",49,$473.00,812550035322
COMPUTER- LAPTOP,VAIO,VWNC51427-RG,"14.1” FE Series Notebook, FHD, Intel Core i5-1235U, Quad Core, 8GB RAM, 512GB SSD, Fingerprint Scanner, THX Spatial Audio, 2MP Camera, Rose Gold",116,$473.00,812550035100
COMPUTER- LAPTOP,VAIO,VWNC51427-SL,"14.1” FE Series Notebook, FHD, Intel Core i5-1235U, Quad Core, 8GB RAM, 512GB SSD, Fingerprint Scanner, THX Spatial Audio, 2MP Camera, Silver",38,$473.00,812550035094
COMPUTER- LAPTOP,VAIO,VWNC71429-BK,"VAIO 14.1” FE Series Notebook, FHD, Intel Core i5-1235U, Quad Core, 8GB RAM, 512GB SSD, Fingerprint Scanner, THX Spatial Audio, 2MP Camera Black",99,$602.00,812550035148
COMPUTER- LAPTOP,VAIO,VWNC71429-BL,"VAIO 14.1” FE Series Notebook, FHD, Intel Core i5-1235U, Quad Core, 8GB RAM, 512GB SSD, Fingerprint Scanner, THX Spatial Audio, 2MP Camera Blue",24,$602.00,812550035346
COMPUTER- LAPTOP,VAIO,VWNC71429-RG,"14.1” FE Series Notebook, FHD, Intel Core i5-1235U, Quad Core, 8GB RAM, 512GB SSD, Fingerprint Scanner, THX Spatial Audio, 2MP Camera Rose Gold",135,$602.00,812550035162
COMPUTER- MONITORS,LG,24MK430H-B,"24"" monitor fhd ips freesync",1765,$95.00,719192617636
COMPUTER- MONITORS,SAMSUNG,LS43BM700ULXZP,"43"" UHD Monitor with Smart TV Experience",583,$329.00,887276668833
COMPUTER- MONITORS,SAMSUNG,LF22T454FQNXGO,22' business monitor with ips panel,1010,$98.00,887276521572
COMPUTER- MONITORS,SANSUI,SM24M1,"24"" HD (1920 x 1080) 14ms LED Monitor with Anti-Blue Light",931,$64.00,
COMPUTER- MONITORS,SIDETRAK,ST12BLA,"12.5"" monitor portable fhd 1080 ips",179,$179.00,0810965031519
COMPUTER- MONITORS,VIEW SONIC,VA2055SM,20 Inch 1080p LED Monitor with VGA Enhanced Viewing Comfort,1783,$54.00,766907806311
COMPUTER- MONITORS,WESTINGHOUSE,WH24FX9222,"24"" 1080p TILT, 5 MS, BLUE EYE",1360,$65.00,813784022911
COMPUTER- MONITORS,WESTINGHOUSE,WH24FX9320,"24"" 1080p 24"" IPS TILT, 5 MS, BLUE EYE",469,$70.00,813784022799
COMPUTER- MONITORS,WESTINGHOUSE,WH27FX9222,"27"" 1080p TILT, 5 MS, BLUE EYE",1381,$89.00,813784022928
COMPUTER- ROUTERS,EERO,M110311,Router wireless wi-fi mesh 6 system-3pk,89,$95.00,840080578040
COMPUTER- ROUTERS,GOOGLE,GA00822-US,Router nest wifi ac2200 mesh,1944,$149.00,193575001609
COMPUTER- ROUTERS,GOOGLE,GA01422-US,Nest wi-fi smart point-sand,1399,$99.00,193575002019
COMPUTER- ROUTERS,NETGEAR,C3700-100NAR,Wifi cable modem router with n600,10,$19.00,606449109894
COMPUTER- STORAGE,SAMSUNG,MU-PC500T/WW,Ssd drive t7 500gb portable,590,$59.00,8806090312397
COMPUTER- TABLETS,RCA,RATR30824FE-BK,"8"" tablet w/folio case,earphones & app voucher-blk",1609,$74.00,812550035971
GAMING- KEYBOARD,STEELSERIES,64435,KEYBOARD GAMING COMPUTER APEX 100-BLUE (brown box),1449,$15.00,813682020101
GAMING- KEYBOARD,RAZER,RZ03-02740700-R3U1,KEYBOARD WIRED BACKLIT GAMING,1322,$18.00,811659036001
HAIR ACCESSORIES,KIPOZI,HY-033,Hair dryer brush-fuchsia,131,$9.00,632138419517
HAIR ACCESSORIES,KIPOZI,K-038A-BLK,Hair Straightener,870,$6.00,632138419609
HEALTHCARE- THERMOMETERS,BBLOVE,AET-R1D2,Infrared led thermometer,132,$9.00,860003766842
HEALTHCARE- THERMOMETERS,BBLOVE,AET-R1F1,Infrared thermometer-blk,167,$9.00,860003766811
HEALTHCARE- THERMOMETERS,MOBI,70121-FD6,Thermometer prime dual scan,139,$9.00,891040701213
HOME SECURITY,HONEYWELL,RDWL515A2000/E,Doorbell wireless portable-silver,552,$9.00,085267182584
KITCHEN- COOKWARE,GREENPAN,K56408-BLK,Nonstick 7-1 contact grill with waffle plate,191,$89.00,885837029451
KITCHEN- KNIVES,GINSU,COK-KB-DS-008-3,8-pc knife block set chikara,3775,$69.00,079061010235
KITCHEN- KNIVES,GINSU,DAK-KB-DS-005-2,5-pc knife prep set daku,2261,$12.50,079061031162
KITCHEN- MEAT CHOPPER,ZULAY KITCHEN,Z-MT-CHPPR-YLW,Meat chopper-yellow,3197,$4.00,093674187474
KITCHEN- SIFTER,KITCHEN AID,KSMSFTAQ,"Sifter + scale attachment, white",311,$49.00,883049518756
Kitchen- Bowls for Kitchenaid ,KITCHEN AID,KSM5SSBQQB,5 Quart Textured Stainless Steel Bowl for all KitchenAid,910,$45.00,
Kitchen- Bowls for Kitchenaid ,KITCHEN AID,KSM5SSQHM,5 Quart Bowl for all KitchenAid Hammered Stainless Steel,869,$45.00,
MOBILE ACCCESORY,ANKER,B2634,Nano charger 20w powerport pd durable compact,6713,$12.00,194644046880
MOBILE ACCCESORY,ORGOO,OW1/BLK,Phone charger wireless black,263,$5.90,860000469203
MOBILE ACCCESORY,POPSOCKETS,800549,Grip/stand for cellphone-carbonite weave,63,$6.90,842978135588
MOBILE ACCCESORY,SAMSUNG,EP-L4020NBEGUS,Car charger dual port duo 40w-black,316,$24.50,887276615103
MOBILE ACCCESORY,SPECK,141966-5085,Iphone 13 pro max gs clear cell phone case  ,996,$5.00,840168506057
MOBILE ACCCESORY,SWISSTEK,STK-WCST-WT,Charging station wireless-white,14,$15.00,661708975795
MOBILE ACCCESORY,TECH21,T21-29048T21,Case for iphone 13-clear,126,$5.00,5056234782781
MOBILE ACCCESORY,TECH21,T21-8933, For iphone 13 – Ultra-Protective and Rugged Phone Case,308,$5.00,77784041512
MOBILE ACCCESORY,TECH21,T21-9225,Case for iphone 13 pro magsafe-clear,1617,$4.00,5056234784013
MOBILE ACCCESORY,TEKNIQ,TQ1050,15ft usb cable fabric lightning,527,$6.00,818801030504
MOBILE ACCCESORY,ZIZO,BOLT-IPH1267-BKBK,Case for iphone 12 pro max bolt-black,219,$4.00,888488330389
MOBILE ACCCESORY,ZIZO,BOLT-IPH1267-BLBK,Case for iphone 12 pro max bolt-blue,355,$4.00,888488330365
NINJA,NINJA,C28000,Foodi never stick 8pc red ,204,$64.00,622356571630
NINJA,NINJA,C29500,10pc cookware set foodi,604,$124.00,622356572712
NINJA,NINJA,C62200,Foodi never stick stainless ,259,$37.00,622356571623
NINJA,NINJA,C63000,"8"", 10.25"", 12"" fry pan set-silver",872,$99.00,622356571814
NINJA,NINJA,IG601,Foodi xl 7-1 indoor,95,$100.00,622356575751
NINJA,NINJA,OP402QW,"8-Qt. Foodi All-in-One Multi-Cooker, 8-Quart White",25,$113.00,622356903998
NINJA,NINJA,SP351Q,Air fryer oven foodi 15-1 flip,943,$159.00,622356906166
NINJA,NINJA,SP351QBK,Air fryer foodi smart dual heat oven-blk,311,$189.00,622356906616
NINJA,NINJA,SP351QCN,Air fryer foodi smart dual heat oven-cin,496,$189.00,622356906593
NINJA,NINJA,BG500A,"Foodi 5 In 1 Indoor Grill and Air Fryer with Surround Searing, Removable Grill Gate, Crisper Basket, Cooking Pot, and Smoke Control System",26,$98.00,
Personal Care - Weighted Blanket,WESTINGHOUSE,WH-HSF90-CHARCOAL,Electric Blanket Queen - Charcoal Gray ,18,$59.00,
Personal Care - Weighted Blanket,WESTINGHOUSE,WH-HSF90-BEIGE,Electric Blanket Queen - Beige  ,396,$59.00,
PERSONAL CARE- MASSAGER,HYPERICE,32000-010-00,Hypersphere vibrating ball,14,$65.00,852152004678
PERSONAL CARE- MASSAGER,THERAGUN,MINI-RETAIL,Massage gun mini portable-black,986,$119.00,810036052825
PERSONAL CARE- MASSAGER,THERAGUN,TG02015-01,Massage gun mini 2 portable-black,5025,$159.00,810036055949
PERSONAL CARE- NOSE TRIMMER,FLEPOW,X001UW0PKX-BLK,Nose/ear hair trimmer-black,2061,$4.90,827396548394
PERSONAL CARE- NOSE TRIMMER,FLEPOW,X001UW0PKX-WHT,Nose/ear hair trimmer-white,2361,$4.90,827396548387
PERSONAL CARE- NOSE TRIMMER,ZORAMI,TC-011,Trimmer rechargeable ear/nose-black,69,$4.90,788934778812
PERSONAL CARE- SCALE,TAYLOR,5289297T,Tempered glass digital electronic scale instant read gray/blue,106,$9.50,77784041512
PERSONAL CARE- SHAVERS,REMINGTON,PR1335C,Mens rotary shaver-black,1861,$16.50,074590546248
PERSONAL CARE- TOOTHBRUSH,COLGATE,CN08121A,Hum electric toothbrush kit-teal,11853,$19.00,035000979841
PERSONAL CARE- TOOTHBRUSH,COLGATE,CN08134A,Hum toothbrush replacement heads 2pk-purple,5553,$6.00,035000980274
PERSONAL CARE- TOOTHBRUSH,COLGATE,HB-CN08118A,Hum toothbrush battery operated-teal,12765,$9.95,035000979780
PERSONAL CARE- TOOTHBRUSH,COLGATE,HB-CN08119A,Hum toothbrush battery operated-purple,1876,$9.95,035000979766
PERSONAL CARE- TOOTHBRUSH,FAIRYWILL,ELECTOOTHBRHEAD-02,Toothbrush heads replacement,2174,$2.98,632138420346
PERSONAL CARE- TOOTHBRUSH,FAIRYWILL,FW-2001BLUGRN,Electric toothbrush sonic kids-blue/green,2932,$5.00,632138420735
PERSONAL CARE- TOOTHBRUSH,FAIRYWILL,FW-2001PURRED,Electric toothbrush sonic kids-purple/red,281,$5.00,632138420858
PERSONAL CARE- TOOTHBRUSH,FAIRYWILL,FW-2056BLK-8-CS/BASE,Electric toothbrush with case-blk-t2056s5,1045,$15.00,632138420704
PERSONAL CARE- TOOTHBRUSH,FAIRYWILL,FW-508-8HEADSPINK,Electric toothbrush-pink,735,$5.00,632138420254
PERSONAL CARE- TOOTHBRUSH,FAIRYWILL,FW-917BLACK,Electric sonic toothbrush-heads,814,$6.00,632138420902
PET SUPPLIES,HKZOOI,XOO2X8CWOP,Electric dog training collar,20,$15.00,883472045560
PET SUPPLIES,HYGGER,HG-956,Aquarium gravel cleaner,2109,$9.00,716852491285
PET SUPPLIES,TOMKAS,9896316-BLK,Dog carry bag small-zbcdz-black,247,$5.00,645195103565
PET SUPPLIES,TOMKAS,9896316-GRY,Dog carry bag small-gray,1904,$5.00,652042746356
PET SUPPLIES,USITEK,UT-PH-RR-G,Pet hair remover kit phr1-white,4915,$5.00,761325605423
RIDEABLES,BIRD,591W-FR,Recertified Bird One,2,$390.00,
RIDEABLES,BIRD,VA00055-FR,Bike,6,$490.00,865173000598
RIDEABLES,BIRD,VA00020-FR,FACTORY RECERTIFIED BIRD AIR ELECTRIC SCOOTER-BLACK,16,$220.00,
RIDEABLES,OKAI,ES20-BLK,Neon electric scooter ii-black,101,$360.00,608938951953
RIDEABLES,SCOOT,OBC0BN3,Electric scooter bike-red,59,$480.00,860006366308
STREAMING,ROKU,3820XB,Re-certified streaming stick 4k,4870,$26.00,829610005669
STREAMING,ROKU,4662XB,Re-certified streaming media player ultra lt,2213,$59.00,829610003986
STREAMING,ROKU,4800XB,Re-certified streaming media player 4k ultra,1793,$69.00,829610004785
TOYS,SPRINKLEPLAY,B08S3KGP62,Outdoor water sprinkler toy,2597,$3.50,793610396204
TOYS,STAR WARS,37108,Snowglobe and bank bb8,155,$4.00,688955732407
TV,JVC,LT-32MAR205,"32"" tv hd roku led class",18829,$125.00,046838001345
TV,JVC,LT-40MAR305,"40"" 1080p W/ Roku ",7446,$169.00,
TV,SANSUI,S32V1HA,"32"" tv android smart",21,$119.00,852819008292
TV,SANSUI,S40V1FA,"40"" tv fhd led android",334,$179.00,852819008285
TV,SONY,KD55X75K,"55"" BRAVIA 55 Inch X75K 4K Ultra HD HDR LED Smart TV, Google TV",243,$398.00, 
TV,PHILIPS,R65PUL7552/F7,Refurbished 7000 series 4K Ultra HD LED Google TV,405,$299.00,817336022312
TV,PHILIPS,R65PUL6553/F7,Refurbished 6000 series 4K UltraHD LED Roku TV,270,$299.00,8173336027019
TV,SAMSUNG,QN50Q60AAFXZA,"100% Color Volume with Quantum, Dot Dual LED,
 HDR Quantum Processor 4K Lite",15,,
TV,SAMSUNG,QN65Q60BAFXZA,65-Inch Class QLED Q60B Series - 4K UHD Dual LED Quantum HDR Smart TV with Alexa Built-in,170,,
TV,SAMSUNG,QN75QN85AAFXZA,"75-Inch Class Neo QLED 4K UHD QN85A Series Quantum HDR 24x, 6 - 2.2.2CH 60W Speakers, Object Tracking Sound, Smart TV with Alexa Built-in",43,,
TV,SAMSUNG,QN75LS03AAFXZA,"75” Class The Frame QLED 4K Smart TV Powerful, intelligent 4K processing Quantum Processor 4K",1,,
TV,SAMSUNG,QN85Q60AAFXZA,85-Inch Class QLED Q60A Series - 4K UHD Dual LED Quantum HDR Smart TV with Alexa Built-in,10,,
TV,LG,55UQ7070ZUE,LG 55 Inch Class UQ7070 ZUE series LED 4K UHD Smart webOS 22 TV,1,,
TV,HISENSES,50U6G,LG 55 Inch Class UQ707ULED 4K Premium 50U6G Quantum Dot QLED Series 50-Inch Android 4K Smart TV with Alexa Compatibility0 ZUE series LED 4K UHD Smart webOS 22 TV,16,,
TV,HISENSES,50A6G,50-Inch 4K Ultra HD Android Smart TV with Alexa Compatibility,1,,
VIDEO- BLU-RAY PLAYER,LG,BP175,Blu-ray player multi region,7758,$59.00,719192616059
VIDEO- BLU-RAY PLAYER,LG,BP350,Blu-ray player smart with streaming,2722,$65.00,719192597129
VIDEO- PROJECTORS,HEWLETT PACKARD,CC200,Projector fhd,450,$179.00,689481703039
VIDEO- PROJECTORS,HEWLETT PACKARD,CC200-SCREEN,"84"" projector screen fhd",450,$1.00,0
WATCHES- SMART,SAMSUNG,SM-R895UZKAXAA,Watch galaxy watch4 classic 46mm lte-black,280,$179.00,887276550909
WATCHES- SMART,SAMSUNG,SM-R895UZKNXAA,WATCH GALAXY WATCH4 CLASSIC 46MM-BLACK,1921,$179.00,887276550930
WATCHES,SEIKO,SNK375,Men's Stainless Steel Watch Water-resistant to 50M stainless steel case with Hardlex dial window.,326,$79.00,
WATCHES,SEIKO,SNK601,Men's watch with a stainless steel case and bracelet. The watch is water resistant up to 50 meters,326,$79.00,
WATCHES,SEIKO,SNKE01, Mechanical automatic watch with a stainless steel case and bracelet The watch is water resistant up to 50 meters.,571,$89.00,
WATCHES,SEIKO,SNKM83,"Stainless steel case, a silver analog dial, and a Hardlex crystal It is water resistant up to 50 meters",326,$79.00,
